model_name,build_type,skuno,station,total_tests,failed_tests,failure_percentage,x_labels
ASTORIA,DVT,1179563,AST Functional Test,67,26.0,38.81,ASTORIA_DVT_1179563
ASTORIA,DVT,1179563,AST Google Firmware Update Test,33,4.0,12.12,ASTORIA_DVT_1179563
ASTORIA,DVT,1179563,AST Run-in Test,39,4.0,10.26,ASTORIA_DVT_1179563
ASTORIA,DVT,1179563,AST SDC Test,29,1.0,3.45,ASTORIA_DVT_1179563
ASTORIA,DVT,1179563,Turin Pre-Firmware Update Test,75,27.0,36.0,ASTORIA_DVT_1179563
ASTORIA,DVT1,1179559,AST Functional Test,186,48.0,25.81,ASTORIA_DVT1_1179559
ASTORIA,DVT1,1179559,AST Google Firmware Update Test,104,1.0,0.96,ASTORIA_DVT1_1179559
ASTORIA,DVT1,1179559,AST Run-in Test,131,11.0,8.4,ASTORIA_DVT1_1179559
ASTORIA,DVT1,1179559,AST SDC Test,111,8.0,7.21,ASTORIA_DVT1_1179559
ASTORIA,DVT1,1179559,Turin Pre-Firmware Update Test,181,26.0,14.36,ASTORIA_DVT1_1179559
ASTORIA,DVT1,1179561,AST Functional Test,57,11.0,19.3,ASTORIA_DVT1_1179561
ASTORIA,DVT1,1179561,AST Google Firmware Update Test,45,2.0,4.44,ASTORIA_DVT1_1179561
ASTORIA,DVT1,1179561,AST Run-in Test,62,18.0,29.03,ASTORIA_DVT1_1179561
ASTORIA,DVT1,1179561,AST SDC Test,48,5.0,10.42,ASTORIA_DVT1_1179561
ASTORIA,DVT1,1179561,Turin Pre-Firmware Update Test,72,20.0,27.78,ASTORIA_DVT1_1179561
ASTORIA,DVT2,1179565,AST Functional Test,149,67.0,44.97,ASTORIA_DVT2_1179565
ASTORIA,DVT2,1179565,AST Google Firmware Update Test,78,3.0,3.85,ASTORIA_DVT2_1179565
ASTORIA,DVT2,1179565,AST Run-in Test,97,18.0,18.56,ASTORIA_DVT2_1179565
ASTORIA,DVT2,1179565,AST SDC Test,83,6.0,7.23,ASTORIA_DVT2_1179565
ASTORIA,DVT2,1179565,Turin Pre-Firmware Update Test,120,26.0,21.67,ASTORIA_DVT2_1179565
ASTORIA,DVT2,1179567,AST Functional Test,6,1.0,16.67,ASTORIA_DVT2_1179567
ASTORIA,DVT2,1179567,AST Google Firmware Update Test,4,0.0,0.0,ASTORIA_DVT2_1179567
ASTORIA,DVT2,1179567,AST Run-in Test,4,0.0,0.0,ASTORIA_DVT2_1179567
ASTORIA,DVT2,1179567,AST SDC Test,5,1.0,20.0,ASTORIA_DVT2_1179567
ASTORIA,DVT2,1179567,Turin Pre-Firmware Update Test,8,3.0,37.5,ASTORIA_DVT2_1179567
ASTORIA,DVT2,1179569,AST Functional Test,16,11.0,68.75,ASTORIA_DVT2_1179569
ASTORIA,DVT2,1179569,AST Google Firmware Update Test,5,0.0,0.0,ASTORIA_DVT2_1179569
ASTORIA,DVT2,1179569,AST Run-in Test,5,0.0,0.0,ASTORIA_DVT2_1179569
ASTORIA,DVT2,1179569,AST SDC Test,5,0.0,0.0,ASTORIA_DVT2_1179569
ASTORIA,DVT2,1179569,Turin Pre-Firmware Update Test,7,0.0,0.0,ASTORIA_DVT2_1179569
ASTORIA,DVT2,1179573,AST Functional Test,34,14.0,41.18,ASTORIA_DVT2_1179573
ASTORIA,DVT2,1179573,AST Google Firmware Update Test,8,0.0,0.0,ASTORIA_DVT2_1179573
ASTORIA,DVT2,1179573,AST Run-in Test,30,16.0,53.33,ASTORIA_DVT2_1179573
ASTORIA,DVT2,1179573,AST SDC Test,10,2.0,20.0,ASTORIA_DVT2_1179573
ASTORIA,DVT2,1179573,Turin Pre-Firmware Update Test,27,2.0,7.41,ASTORIA_DVT2_1179573
ASTORIA,DVT3,1179575,AST Functional Test,47,25.0,53.19,ASTORIA_DVT3_1179575
ASTORIA,DVT3,1179575,AST Google Firmware Update Test,24,1.0,4.17,ASTORIA_DVT3_1179575
ASTORIA,DVT3,1179575,AST Run-in Test,26,9.0,34.62,ASTORIA_DVT3_1179575
ASTORIA,DVT3,1179575,AST SDC Test,18,1.0,5.56,ASTORIA_DVT3_1179575
ASTORIA,DVT3,1179575,Turin Pre-Firmware Update Test,37,14.0,37.84,ASTORIA_DVT3_1179575
ASTORIA,DVT3,1179577,AST Functional Test,51,35.0,68.63,ASTORIA_DVT3_1179577
ASTORIA,DVT3,1179577,AST Google Firmware Update Test,16,0.0,0.0,ASTORIA_DVT3_1179577
ASTORIA,DVT3,1179577,AST Run-in Test,19,3.0,15.79,ASTORIA_DVT3_1179577
ASTORIA,DVT3,1179577,AST SDC Test,21,5.0,23.81,ASTORIA_DVT3_1179577
ASTORIA,DVT3,1179577,Turin Pre-Firmware Update Test,21,5.0,23.81,ASTORIA_DVT3_1179577
ASTORIA,DVT3,1179579,AST Functional Test,18,8.0,44.44,ASTORIA_DVT3_1179579
ASTORIA,DVT3,1179579,AST Google Firmware Update Test,8,0.0,0.0,ASTORIA_DVT3_1179579
ASTORIA,DVT3,1179579,AST Run-in Test,8,0.0,0.0,ASTORIA_DVT3_1179579
ASTORIA,DVT3,1179579,AST SDC Test,11,3.0,27.27,ASTORIA_DVT3_1179579
ASTORIA,DVT3,1179579,Turin Pre-Firmware Update Test,19,8.0,42.11,ASTORIA_DVT3_1179579
ASTORIA,GA,1154427,AST Functional Test,10231,4869.0,47.59,ASTORIA_GA_1154427
ASTORIA,GA,1154427,AST Google Firmware Update Test,5683,767.0,13.5,ASTORIA_GA_1154427
ASTORIA,GA,1154427,AST Run-in Test,6098,951.0,15.6,ASTORIA_GA_1154427
ASTORIA,GA,1154427,AST SDC Test,5616,667.0,11.88,ASTORIA_GA_1154427
ASTORIA,GA,1154500,AST Functional Test,1443,756.0,52.39,ASTORIA_GA_1154500
ASTORIA,GA,1154500,AST Google Firmware Update Test,693,33.0,4.76,ASTORIA_GA_1154500
ASTORIA,GA,1154500,AST Run-in Test,744,74.0,9.95,ASTORIA_GA_1154500
ASTORIA,GA,1154500,AST SDC Test,696,35.0,5.03,ASTORIA_GA_1154500
ASTORIA,GA,1154503,AST Functional Test,132,65.0,49.24,ASTORIA_GA_1154503
ASTORIA,GA,1154503,AST Google Firmware Update Test,65,2.0,3.08,ASTORIA_GA_1154503
ASTORIA,GA,1154503,AST Run-in Test,72,9.0,12.5,ASTORIA_GA_1154503
ASTORIA,GA,1154503,AST SDC Test,69,6.0,8.7,ASTORIA_GA_1154503
ASTORIA,GA,1158438,AST Functional Test,351,180.0,51.28,ASTORIA_GA_1158438
ASTORIA,GA,1158438,AST Google Firmware Update Test,170,6.0,3.53,ASTORIA_GA_1158438
ASTORIA,GA,1158438,AST Run-in Test,194,26.0,13.4,ASTORIA_GA_1158438
ASTORIA,GA,1158438,AST SDC Test,180,17.0,9.44,ASTORIA_GA_1158438
ASTORIA,GA,1158440,AST Functional Test,270,124.0,45.93,ASTORIA_GA_1158440
ASTORIA,GA,1158440,AST Google Firmware Update Test,146,11.0,7.53,ASTORIA_GA_1158440
ASTORIA,GA,1158440,AST Run-in Test,158,15.0,9.49,ASTORIA_GA_1158440
ASTORIA,GA,1158440,AST SDC Test,164,25.0,15.24,ASTORIA_GA_1158440
ASTORIA,GA,1158442,AST Functional Test,889,407.0,45.78,ASTORIA_GA_1158442
ASTORIA,GA,1158442,AST Google Firmware Update Test,536,74.0,13.81,ASTORIA_GA_1158442
ASTORIA,GA,1158442,AST Run-in Test,578,104.0,17.99,ASTORIA_GA_1158442
ASTORIA,GA,1158442,AST SDC Test,502,37.0,7.37,ASTORIA_GA_1158442
ASTORIA,GA,1158445,AST Functional Test,332,189.0,56.93,ASTORIA_GA_1158445
ASTORIA,GA,1158445,AST Google Firmware Update Test,139,6.0,4.32,ASTORIA_GA_1158445
ASTORIA,GA,1158445,AST Run-in Test,158,21.0,13.29,ASTORIA_GA_1158445
ASTORIA,GA,1158445,AST SDC Test,142,9.0,6.34,ASTORIA_GA_1158445
ASTORIA,GA,1166348,AST Functional Test,2274,1140.0,50.13,ASTORIA_GA_1166348
ASTORIA,GA,1166348,AST Google Firmware Update Test,1187,120.0,10.11,ASTORIA_GA_1166348
ASTORIA,GA,1166348,AST Run-in Test,1290,188.0,14.57,ASTORIA_GA_1166348
ASTORIA,GA,1166348,AST SDC Test,1227,145.0,11.82,ASTORIA_GA_1166348
ASTORIA,GA,1168109,AST Functional Test,29,17.0,58.62,ASTORIA_GA_1168109
ASTORIA,GA,1168109,AST Google Firmware Update Test,15,3.0,20.0,ASTORIA_GA_1168109
ASTORIA,GA,1168109,AST Run-in Test,14,2.0,14.29,ASTORIA_GA_1168109
ASTORIA,GA,1168109,AST SDC Test,13,1.0,7.69,ASTORIA_GA_1168109
ASTORIA,GA,1168111,AST Functional Test,83,47.0,56.63,ASTORIA_GA_1168111
ASTORIA,GA,1168111,AST Google Firmware Update Test,37,3.0,8.11,ASTORIA_GA_1168111
ASTORIA,GA,1168111,AST Run-in Test,38,4.0,10.53,ASTORIA_GA_1168111
ASTORIA,GA,1168111,AST SDC Test,34,0.0,0.0,ASTORIA_GA_1168111
ASTORIA,GA,1170032,AST Functional Test,116,19.0,16.38,ASTORIA_GA_1170032
ASTORIA,GA,1170032,AST Google Firmware Update Test,101,7.0,6.93,ASTORIA_GA_1170032
ASTORIA,GA,1170032,AST Pre-Test,196,101.0,51.53,ASTORIA_GA_1170032
ASTORIA,GA,1170032,AST Run-in Test,111,16.0,14.41,ASTORIA_GA_1170032
ASTORIA,GA,1170032,AST SDC Test,98,4.0,4.08,ASTORIA_GA_1170032
ASTORIA,GA,1170489,AST Functional Test,72,40.0,55.56,ASTORIA_GA_1170489
ASTORIA,GA,1170489,AST Google Firmware Update Test,31,0.0,0.0,ASTORIA_GA_1170489
ASTORIA,GA,1170489,AST Run-in Test,35,4.0,11.43,ASTORIA_GA_1170489
ASTORIA,GA,1170489,AST SDC Test,32,1.0,3.12,ASTORIA_GA_1170489
ASTORIA,GA,1180383,AST Functional Test,468,172.0,36.75,ASTORIA_GA_1180383
ASTORIA,GA,1180383,AST Google Firmware Update Test,300,13.0,4.33,ASTORIA_GA_1180383
ASTORIA,GA,1180383,AST Pre-Test,509,219.0,43.03,ASTORIA_GA_1180383
ASTORIA,GA,1180383,AST Run-in Test,318,28.0,8.81,ASTORIA_GA_1180383
ASTORIA,GA,1180383,AST SDC Test,302,14.0,4.64,ASTORIA_GA_1180383
ASTORIA,GA,1182051,AST Functional Test,19481,6338.0,32.53,ASTORIA_GA_1182051
ASTORIA,GA,1182051,AST Google Firmware Update Test,12700,285.0,2.24,ASTORIA_GA_1182051
ASTORIA,GA,1182051,AST Pre-Test,21696,11255.0,51.88,ASTORIA_GA_1182051
ASTORIA,GA,1182051,AST Run-in Test,13987,1218.0,8.71,ASTORIA_GA_1182051
ASTORIA,GA,1182051,AST SDC Test,15099,2630.0,17.42,ASTORIA_GA_1182051
ASTORIA,GA,1185401,AST Functional Test,6,0.0,0.0,ASTORIA_GA_1185401
ASTORIA,GA,1185401,AST Google Firmware Update Test,7,1.0,14.29,ASTORIA_GA_1185401
ASTORIA,GA,1185401,AST Run-in Test,8,2.0,25.0,ASTORIA_GA_1185401
ASTORIA,GA,1185401,AST SDC Test,6,0.0,0.0,ASTORIA_GA_1185401
ASTORIA,GA,1185401,Turin Pre-Firmware Update Test,10,4.0,40.0,ASTORIA_GA_1185401
ASTORIA,PROD,1154427,AST Functional Test,10741,5321.0,49.54,ASTORIA_PROD_1154427
ASTORIA,PROD,1154427,AST Google Firmware Update Test,5385,303.0,5.63,ASTORIA_PROD_1154427
ASTORIA,PROD,1154427,AST Run-in Test,6116,858.0,14.03,ASTORIA_PROD_1154427
ASTORIA,PROD,1154427,AST SDC Test,5700,591.0,10.37,ASTORIA_PROD_1154427
ASTORIA,PROD,1154500,AST Functional Test,320,169.0,52.81,ASTORIA_PROD_1154500
ASTORIA,PROD,1154500,AST Google Firmware Update Test,148,3.0,2.03,ASTORIA_PROD_1154500
ASTORIA,PROD,1154500,AST Run-in Test,165,17.0,10.3,ASTORIA_PROD_1154500
ASTORIA,PROD,1154500,AST SDC Test,159,13.0,8.18,ASTORIA_PROD_1154500
ASTORIA,PROD,1154503,AST Functional Test,671,347.0,51.71,ASTORIA_PROD_1154503
ASTORIA,PROD,1154503,AST Google Firmware Update Test,327,15.0,4.59,ASTORIA_PROD_1154503
ASTORIA,PROD,1154503,AST Run-in Test,352,34.0,9.66,ASTORIA_PROD_1154503
ASTORIA,PROD,1154503,AST SDC Test,333,19.0,5.71,ASTORIA_PROD_1154503
ASTORIA,PROD,1154510,AST Functional Test,34,18.0,52.94,ASTORIA_PROD_1154510
ASTORIA,PROD,1154510,AST Google Firmware Update Test,16,0.0,0.0,ASTORIA_PROD_1154510
ASTORIA,PROD,1154510,AST Run-in Test,16,0.0,0.0,ASTORIA_PROD_1154510
ASTORIA,PROD,1154510,AST SDC Test,16,0.0,0.0,ASTORIA_PROD_1154510
ASTORIA,PROD,1157647,AST Functional Test,6,1.0,16.67,ASTORIA_PROD_1157647
ASTORIA,PROD,1157647,AST Google Firmware Update Test,6,2.0,33.33,ASTORIA_PROD_1157647
ASTORIA,PROD,1157647,AST Run-in Test,5,0.0,0.0,ASTORIA_PROD_1157647
ASTORIA,PROD,1157647,AST SDC Test,7,3.0,42.86,ASTORIA_PROD_1157647
ASTORIA,PROD,1158438,AST Functional Test,388,180.0,46.39,ASTORIA_PROD_1158438
ASTORIA,PROD,1158438,AST Google Firmware Update Test,206,11.0,5.34,ASTORIA_PROD_1158438
ASTORIA,PROD,1158438,AST Run-in Test,224,18.0,8.04,ASTORIA_PROD_1158438
ASTORIA,PROD,1158438,AST SDC Test,236,40.0,16.95,ASTORIA_PROD_1158438
ASTORIA,PROD,1158440,AST Functional Test,1706,847.0,49.65,ASTORIA_PROD_1158440
ASTORIA,PROD,1158440,AST Google Firmware Update Test,862,35.0,4.06,ASTORIA_PROD_1158440
ASTORIA,PROD,1158440,AST Run-in Test,938,97.0,10.34,ASTORIA_PROD_1158440
ASTORIA,PROD,1158440,AST SDC Test,887,55.0,6.2,ASTORIA_PROD_1158440
ASTORIA,PROD,1158442,AST Functional Test,1025,491.0,47.9,ASTORIA_PROD_1158442
ASTORIA,PROD,1158442,AST Google Firmware Update Test,522,21.0,4.02,ASTORIA_PROD_1158442
ASTORIA,PROD,1158442,AST Run-in Test,586,70.0,11.95,ASTORIA_PROD_1158442
ASTORIA,PROD,1158442,AST SDC Test,559,57.0,10.2,ASTORIA_PROD_1158442
ASTORIA,PROD,1158445,AST Functional Test,1067,550.0,51.55,ASTORIA_PROD_1158445
ASTORIA,PROD,1158445,AST Google Firmware Update Test,487,9.0,1.85,ASTORIA_PROD_1158445
ASTORIA,PROD,1158445,AST Run-in Test,558,56.0,10.04,ASTORIA_PROD_1158445
ASTORIA,PROD,1158445,AST SDC Test,542,64.0,11.81,ASTORIA_PROD_1158445
ASTORIA,PROD,1166348,AST Functional Test,2883,1401.0,48.6,ASTORIA_PROD_1166348
ASTORIA,PROD,1166348,AST Google Firmware Update Test,1464,65.0,4.44,ASTORIA_PROD_1166348
ASTORIA,PROD,1166348,AST Run-in Test,1675,230.0,13.73,ASTORIA_PROD_1166348
ASTORIA,PROD,1166348,AST SDC Test,1552,146.0,9.41,ASTORIA_PROD_1166348
ASTORIA,PROD,1168109,AST Functional Test,616,321.0,52.11,ASTORIA_PROD_1168109
ASTORIA,PROD,1168109,AST Google Firmware Update Test,292,10.0,3.42,ASTORIA_PROD_1168109
ASTORIA,PROD,1168109,AST Run-in Test,314,26.0,8.28,ASTORIA_PROD_1168109
ASTORIA,PROD,1168109,AST SDC Test,308,26.0,8.44,ASTORIA_PROD_1168109
ASTORIA,PROD,1168111,AST Functional Test,194,109.0,56.19,ASTORIA_PROD_1168111
ASTORIA,PROD,1168111,AST Google Firmware Update Test,86,2.0,2.33,ASTORIA_PROD_1168111
ASTORIA,PROD,1168111,AST Run-in Test,90,6.0,6.67,ASTORIA_PROD_1168111
ASTORIA,PROD,1168111,AST SDC Test,87,3.0,3.45,ASTORIA_PROD_1168111
ASTORIA,PROD,1170489,AST Functional Test,67,31.0,46.27,ASTORIA_PROD_1170489
ASTORIA,PROD,1170489,AST Google Firmware Update Test,36,1.0,2.78,ASTORIA_PROD_1170489
ASTORIA,PROD,1170489,AST Run-in Test,41,5.0,12.2,ASTORIA_PROD_1170489
ASTORIA,PROD,1170489,AST SDC Test,38,3.0,7.89,ASTORIA_PROD_1170489
ASTORIA,PVT,1149516,AST Functional Test,19,4.0,21.05,ASTORIA_PVT_1149516
ASTORIA,PVT,1149516,AST Google Firmware Update Test,15,0.0,0.0,ASTORIA_PVT_1149516
ASTORIA,PVT,1149516,AST Pre-Test,30,15.0,50.0,ASTORIA_PVT_1149516
ASTORIA,PVT,1149516,AST Run-in Test,15,0.0,0.0,ASTORIA_PVT_1149516
ASTORIA,PVT,1149516,AST SDC Test,16,1.0,6.25,ASTORIA_PVT_1149516
ASTORIA,PVT,1170032,AST Functional Test,897,229.0,25.53,ASTORIA_PVT_1170032
ASTORIA,PVT,1170032,AST Google Firmware Update Test,666,16.0,2.4,ASTORIA_PVT_1170032
ASTORIA,PVT,1170032,AST Pre-Test,1226,573.0,46.74,ASTORIA_PVT_1170032
ASTORIA,PVT,1170032,AST Run-in Test,702,40.0,5.7,ASTORIA_PVT_1170032
ASTORIA,PVT,1170032,AST SDC Test,696,42.0,6.03,ASTORIA_PVT_1170032
ASTORIA,PVT,1182051,AST Functional Test,38900,8634.0,22.2,ASTORIA_PVT_1182051
ASTORIA,PVT,1182051,AST Google Firmware Update Test,30123,625.0,2.07,ASTORIA_PVT_1182051
ASTORIA,PVT,1182051,AST Pre-Test,57820,27792.0,48.07,ASTORIA_PVT_1182051
ASTORIA,PVT,1182051,AST Run-in Test,33002,3056.0,9.26,ASTORIA_PVT_1182051
ASTORIA,PVT,1182051,AST SDC Test,35953,6314.0,17.56,ASTORIA_PVT_1182051
ASTORIA,PVT,1182053,AST Functional Test,4,0.0,0.0,ASTORIA_PVT_1182053
ASTORIA,PVT,1182053,AST Google Firmware Update Test,4,0.0,0.0,ASTORIA_PVT_1182053
ASTORIA,PVT,1182053,AST Pre-Test,8,4.0,50.0,ASTORIA_PVT_1182053
ASTORIA,PVT,1182053,AST Run-in Test,4,0.0,0.0,ASTORIA_PVT_1182053
ASTORIA,PVT,1182053,AST SDC Test,6,2.0,33.33,ASTORIA_PVT_1182053
ASTORIA,PVT,1185397,AST Functional Test,1613,789.0,48.92,ASTORIA_PVT_1185397
ASTORIA,PVT,1185397,AST Google Firmware Update Test,750,43.0,5.73,ASTORIA_PVT_1185397
ASTORIA,PVT,1185397,AST Run-in Test,956,217.0,22.7,ASTORIA_PVT_1185397
ASTORIA,PVT,1185397,AST SDC Test,816,96.0,11.76,ASTORIA_PVT_1185397
ASTORIA,PVT,1185397,Turin Pre-Firmware Update Test,1480,329.0,22.23,ASTORIA_PVT_1185397
ASTORIA,PVT,1185399,AST Functional Test,569,134.0,23.55,ASTORIA_PVT_1185399
ASTORIA,PVT,1185399,AST Google Firmware Update Test,360,46.0,12.78,ASTORIA_PVT_1185399
ASTORIA,PVT,1185399,AST Run-in Test,527,145.0,27.51,ASTORIA_PVT_1185399
ASTORIA,PVT,1185399,AST SDC Test,432,106.0,24.54,ASTORIA_PVT_1185399
ASTORIA,PVT,1185399,Turin Pre-Firmware Update Test,636,136.0,21.38,ASTORIA_PVT_1185399
ASTORIA,PVT,1185401,AST Functional Test,339,103.0,30.38,ASTORIA_PVT_1185401
ASTORIA,PVT,1185401,AST Google Firmware Update Test,224,17.0,7.59,ASTORIA_PVT_1185401
ASTORIA,PVT,1185401,AST Run-in Test,301,82.0,27.24,ASTORIA_PVT_1185401
ASTORIA,PVT,1185401,AST SDC Test,241,29.0,12.03,ASTORIA_PVT_1185401
ASTORIA,PVT,1185401,Turin Pre-Firmware Update Test,396,131.0,33.08,ASTORIA_PVT_1185401
ASTORIA,PVT,1185403,AST Functional Test,217,101.0,46.54,ASTORIA_PVT_1185403
ASTORIA,PVT,1185403,AST Google Firmware Update Test,81,13.0,16.05,ASTORIA_PVT_1185403
ASTORIA,PVT,1185403,AST Run-in Test,159,74.0,46.54,ASTORIA_PVT_1185403
ASTORIA,PVT,1185403,AST SDC Test,86,3.0,3.49,ASTORIA_PVT_1185403
ASTORIA,PVT,1185403,Turin Pre-Firmware Update Test,255,82.0,32.16,ASTORIA_PVT_1185403
ASTORIA,PVT,1185405,AST Functional Test,1477,470.0,31.82,ASTORIA_PVT_1185405
ASTORIA,PVT,1185405,AST Google Firmware Update Test,925,87.0,9.41,ASTORIA_PVT_1185405
ASTORIA,PVT,1185405,AST Run-in Test,1290,359.0,27.83,ASTORIA_PVT_1185405
ASTORIA,PVT,1185405,AST SDC Test,1022,175.0,17.12,ASTORIA_PVT_1185405
ASTORIA,PVT,1185405,Turin Pre-Firmware Update Test,1829,653.0,35.7,ASTORIA_PVT_1185405
ASTORIA,PVT,1185407,AST Functional Test,89,35.0,39.33,ASTORIA_PVT_1185407
ASTORIA,PVT,1185407,AST Google Firmware Update Test,50,1.0,2.0,ASTORIA_PVT_1185407
ASTORIA,PVT,1185407,AST Run-in Test,67,14.0,20.9,ASTORIA_PVT_1185407
ASTORIA,PVT,1185407,AST SDC Test,61,11.0,18.03,ASTORIA_PVT_1185407
ASTORIA,PVT,1185407,Turin Pre-Firmware Update Test,111,48.0,43.24,ASTORIA_PVT_1185407
ATHENA,DVT,1167981,ATH Firmware Update,7,2.0,28.57,ATHENA_DVT_1167981
ATHENA,DVT,1167981,ATH Functional Test,7,3.0,42.86,ATHENA_DVT_1167981
ATHENA,DVT,1167981,ATH Google Firmware Update Test,4,0.0,0.0,ATHENA_DVT_1167981
ATHENA,DVT,1167981,ATH Run-in Test,6,2.0,33.33,ATHENA_DVT_1167981
ATHENA,DVT,1167981,ATH SDC Test,6,2.0,33.33,ATHENA_DVT_1167981
ATHENA,DVT,1167981,Pack,25,21.0,84.0,ATHENA_DVT_1167981
ATHENA,DVT,1167981,Repair,1,0.0,0.0,ATHENA_DVT_1167981
ATHENA,DVT,1168011,ATH Firmware Update,31,7.0,22.58,ATHENA_DVT_1168011
ATHENA,DVT,1168011,ATH Functional Test,38,16.0,42.11,ATHENA_DVT_1168011
ATHENA,DVT,1168011,ATH Google Firmware Update Test,21,0.0,0.0,ATHENA_DVT_1168011
ATHENA,DVT,1168011,ATH Run-in Test,42,21.0,50.0,ATHENA_DVT_1168011
ATHENA,DVT,1168011,ATH SDC Test,23,2.0,8.7,ATHENA_DVT_1168011
ATHENA,DVT,1168018,ATH Firmware Update,42,12.0,28.57,ATHENA_DVT_1168018
ATHENA,DVT,1168018,ATH Functional Test,52,23.0,44.23,ATHENA_DVT_1168018
ATHENA,DVT,1168018,ATH Google Firmware Update Test,26,0.0,0.0,ATHENA_DVT_1168018
ATHENA,DVT,1168018,ATH Run-in Test,50,24.0,48.0,ATHENA_DVT_1168018
ATHENA,DVT,1168018,ATH SDC Test,27,1.0,3.7,ATHENA_DVT_1168018
ATHENA,DVT,1168551,ATH Firmware Update,8,1.0,12.5,ATHENA_DVT_1168551
ATHENA,DVT,1168551,ATH Functional Test,14,7.0,50.0,ATHENA_DVT_1168551
ATHENA,DVT,1168551,ATH Google Firmware Update Test,5,0.0,0.0,ATHENA_DVT_1168551
ATHENA,DVT,1168551,ATH Run-in Test,13,8.0,61.54,ATHENA_DVT_1168551
ATHENA,DVT,1168551,ATH SDC Test,5,0.0,0.0,ATHENA_DVT_1168551
ATHENA,DVT,1168555,ATH Firmware Update,67,8.0,11.94,ATHENA_DVT_1168555
ATHENA,DVT,1168555,ATH Functional Test,99,49.0,49.49,ATHENA_DVT_1168555
ATHENA,DVT,1168555,ATH Google Firmware Update Test,46,1.0,2.17,ATHENA_DVT_1168555
ATHENA,DVT,1168555,ATH Run-in Test,89,44.0,49.44,ATHENA_DVT_1168555
ATHENA,DVT,1168555,ATH SDC Test,53,8.0,15.09,ATHENA_DVT_1168555
ATHENA,DVT,1171148,ATH Firmware Update,63,16.0,25.4,ATHENA_DVT_1171148
ATHENA,DVT,1171148,ATH Functional Test,82,44.0,53.66,ATHENA_DVT_1171148
ATHENA,DVT,1171148,ATH Google Firmware Update Test,32,0.0,0.0,ATHENA_DVT_1171148
ATHENA,DVT,1171148,ATH Run-in Test,67,34.0,50.75,ATHENA_DVT_1171148
ATHENA,DVT,1171148,ATH SDC Test,43,11.0,25.58,ATHENA_DVT_1171148
ATHENA,DVT,1171150,ATH Firmware Update,34,4.0,11.76,ATHENA_DVT_1171150
ATHENA,DVT,1171150,ATH Functional Test,55,29.0,52.73,ATHENA_DVT_1171150
ATHENA,DVT,1171150,ATH Google Firmware Update Test,23,0.0,0.0,ATHENA_DVT_1171150
ATHENA,DVT,1171150,ATH Run-in Test,41,18.0,43.9,ATHENA_DVT_1171150
ATHENA,DVT,1171150,ATH SDC Test,23,0.0,0.0,ATHENA_DVT_1171150
ATHENA,GA,1176298,ATH Firmware Update,586,194.0,33.11,ATHENA_GA_1176298
ATHENA,GA,1176298,ATH Functional Test,579,89.0,15.37,ATHENA_GA_1176298
ATHENA,GA,1176298,ATH Google Firmware Update Test,353,7.0,1.98,ATHENA_GA_1176298
ATHENA,GA,1176298,ATH Run-in Test,607,257.0,42.34,ATHENA_GA_1176298
ATHENA,GA,1176298,ATH SDC Test,373,27.0,7.24,ATHENA_GA_1176298
ATHENA,GA,1176304,ATH Firmware Update,1060,391.0,36.89,ATHENA_GA_1176304
ATHENA,GA,1176304,ATH Functional Test,952,203.0,21.32,ATHENA_GA_1176304
ATHENA,GA,1176304,ATH Google Firmware Update Test,586,9.0,1.54,ATHENA_GA_1176304
ATHENA,GA,1176304,ATH Run-in Test,874,276.0,31.58,ATHENA_GA_1176304
ATHENA,GA,1176304,ATH SDC Test,615,24.0,3.9,ATHENA_GA_1176304
ATHENA,GA,1176304,Athena ORT,18,17.0,94.44,ATHENA_GA_1176304
ATHENA,GA,1176304,Repair,4,3.0,75.0,ATHENA_GA_1176304
ATHENA,GA,1178139,ATH Firmware Update,2097,798.0,38.05,ATHENA_GA_1178139
ATHENA,GA,1178139,ATH Functional Test,1724,321.0,18.62,ATHENA_GA_1178139
ATHENA,GA,1178139,ATH Google Firmware Update Test,1105,20.0,1.81,ATHENA_GA_1178139
ATHENA,GA,1178139,ATH Run-in Test,1683,566.0,33.63,ATHENA_GA_1178139
ATHENA,GA,1178139,ATH SDC Test,1188,98.0,8.25,ATHENA_GA_1178139
ATHENA,GA,1178143,ATH Firmware Update,428,147.0,34.35,ATHENA_GA_1178143
ATHENA,GA,1178143,ATH Functional Test,402,72.0,17.91,ATHENA_GA_1178143
ATHENA,GA,1178143,ATH Google Firmware Update Test,222,5.0,2.25,ATHENA_GA_1178143
ATHENA,GA,1178143,ATH Run-in Test,409,191.0,46.7,ATHENA_GA_1178143
ATHENA,GA,1178143,ATH SDC Test,228,11.0,4.82,ATHENA_GA_1178143
ATHENA,GA,1204620,ATH Firmware Update,63,44.0,69.84,ATHENA_GA_1204620
ATHENA,GA,1204620,ATH Functional Test,19,1.0,5.26,ATHENA_GA_1204620
ATHENA,GA,1204620,ATH Google Firmware Update Test,18,1.0,5.56,ATHENA_GA_1204620
ATHENA,GA,1204620,ATH Run-in Test,18,0.0,0.0,ATHENA_GA_1204620
ATHENA,GA,1204620,ATH SDC Test,19,1.0,5.26,ATHENA_GA_1204620
ATHENA,GA,1204623,ATH Firmware Update,56,37.0,66.07,ATHENA_GA_1204623
ATHENA,GA,1204623,ATH Functional Test,20,1.0,5.0,ATHENA_GA_1204623
ATHENA,GA,1204623,ATH Google Firmware Update Test,15,0.0,0.0,ATHENA_GA_1204623
ATHENA,GA,1204623,ATH Run-in Test,19,4.0,21.05,ATHENA_GA_1204623
ATHENA,GA,1204623,ATH SDC Test,15,0.0,0.0,ATHENA_GA_1204623
ATHENA,GA,1205593,ATH Firmware Update,8,3.0,37.5,ATHENA_GA_1205593
ATHENA,GA,1205593,ATH Functional Test,5,0.0,0.0,ATHENA_GA_1205593
ATHENA,GA,1205593,ATH Google Firmware Update Test,4,0.0,0.0,ATHENA_GA_1205593
ATHENA,GA,1205593,ATH Run-in Test,5,0.0,0.0,ATHENA_GA_1205593
ATHENA,GA,1205593,ATH SDC Test,6,2.0,33.33,ATHENA_GA_1205593
ATHENA,PVT,1176298,ATH Firmware Update,808,303.0,37.5,ATHENA_PVT_1176298
ATHENA,PVT,1176298,ATH Functional Test,719,256.0,35.61,ATHENA_PVT_1176298
ATHENA,PVT,1176298,ATH Google Firmware Update Test,400,8.0,2.0,ATHENA_PVT_1176298
ATHENA,PVT,1176298,ATH Run-in Test,559,163.0,29.16,ATHENA_PVT_1176298
ATHENA,PVT,1176298,ATH SDC Test,406,14.0,3.45,ATHENA_PVT_1176298
ATHENA,PVT,1176304,ATH Firmware Update,1272,562.0,44.18,ATHENA_PVT_1176304
ATHENA,PVT,1176304,ATH Functional Test,994,305.0,30.68,ATHENA_PVT_1176304
ATHENA,PVT,1176304,ATH Google Firmware Update Test,591,6.0,1.02,ATHENA_PVT_1176304
ATHENA,PVT,1176304,ATH Run-in Test,849,262.0,30.86,ATHENA_PVT_1176304
ATHENA,PVT,1176304,ATH SDC Test,603,21.0,3.48,ATHENA_PVT_1176304
ATHENA,PVT,1176304,Pack,1,1.0,100.0,ATHENA_PVT_1176304
ATHENA,PVT,1178139,ATH Firmware Update,2018,622.0,30.82,ATHENA_PVT_1178139
ATHENA,PVT,1178139,ATH Functional Test,1783,503.0,28.21,ATHENA_PVT_1178139
ATHENA,PVT,1178139,ATH Google Firmware Update Test,992,14.0,1.41,ATHENA_PVT_1178139
ATHENA,PVT,1178139,ATH Run-in Test,1723,803.0,46.6,ATHENA_PVT_1178139
ATHENA,PVT,1178139,ATH SDC Test,1024,45.0,4.39,ATHENA_PVT_1178139
ATHENA,PVT,1178139,Pack,2,0.0,0.0,ATHENA_PVT_1178139
ATHENA,PVT,1178139,Repair,1,1.0,100.0,ATHENA_PVT_1178139
ATHENA,PVT,1178143,ATH Firmware Update,454,169.0,37.22,ATHENA_PVT_1178143
ATHENA,PVT,1178143,ATH Functional Test,441,160.0,36.28,ATHENA_PVT_1178143
ATHENA,PVT,1178143,ATH Google Firmware Update Test,246,10.0,4.07,ATHENA_PVT_1178143
ATHENA,PVT,1178143,ATH Run-in Test,356,117.0,32.87,ATHENA_PVT_1178143
ATHENA,PVT,1178143,ATH SDC Test,246,11.0,4.47,ATHENA_PVT_1178143
ATHENA,PVT,1178143,Repair,37,32.0,86.49,ATHENA_PVT_1178143
ATHENA,PVT,1178147,ATH Firmware Update,977,361.0,36.95,ATHENA_PVT_1178147
ATHENA,PVT,1178147,ATH Functional Test,1092,595.0,54.49,ATHENA_PVT_1178147
ATHENA,PVT,1178147,ATH Google Firmware Update Test,457,3.0,0.66,ATHENA_PVT_1178147
ATHENA,PVT,1178147,ATH Run-in Test,734,272.0,37.06,ATHENA_PVT_1178147
ATHENA,PVT,1178147,ATH SDC Test,495,42.0,8.48,ATHENA_PVT_1178147
ATHENA,PVT,1178147,Repair,34,33.0,97.06,ATHENA_PVT_1178147
FLATBACK,PROD,1091829,Test Result,64,33.0,51.56,FLATBACK_PROD_1091829
FLATBACK,PROD,1113705,Test Result,97,51.0,52.58,FLATBACK_PROD_1113705
FLATBACK,PROD,1121845,Test Result,35,18.0,51.43,FLATBACK_PROD_1121845
FLATBACK,PROD,1125499,Test Result,44,24.0,54.55,FLATBACK_PROD_1125499
FLATBACK,PROD,1138092,Test Result,1622,848.0,52.28,FLATBACK_PROD_1138092
FLATBACK,PROD,1141740,Test Result,21137,10985.0,51.97,FLATBACK_PROD_1141740
FLATBACK,PROD,1142914,Test Result,207,112.0,54.11,FLATBACK_PROD_1142914
FLATBACK,PROD,1168665,Test Result,14,4.0,28.57,FLATBACK_PROD_1168665
FLATBACK,PROD,1168676,Test Result,15,5.0,33.33,FLATBACK_PROD_1168676
FLATBACK,PROD,1168684,Test Result,39,18.0,46.15,FLATBACK_PROD_1168684
FLATBACK,PROD,1206507,Test Result,264,135.0,51.14,FLATBACK_PROD_1206507
GULP,DVT,1170620-01,GULP test,162,94.0,58.02,GULP_DVT_1170620-01
GULP,DVT,1180109-01,GULP test,127,67.0,52.76,GULP_DVT_1180109-01
GULP,DVT,1184354-01,GULP test,62,33.0,53.23,GULP_DVT_1184354-01
GULP,GA,1123888-03,GULP test,999,506.0,50.65,GULP_GA_1123888-03
GULP,GA,1131563-02,GULP test,1711,867.0,50.67,GULP_GA_1131563-02
GULP,GA,1131563-04,GULP test,135,69.0,51.11,GULP_GA_1131563-04
GULP,GA,1148194-01,GULP test,440,221.0,50.23,GULP_GA_1148194-01
GULP,GA,1163742-01,GULP test,134,67.0,50.0,GULP_GA_1163742-01
GULP,GA,1173158-01,GULP test,10,5.0,50.0,GULP_GA_1173158-01
GULP,GA,1173159-01,GULP test,5,3.0,60.0,GULP_GA_1173159-01
GULP,PROD,1171155-01,GULP test,6,3.0,50.0,GULP_PROD_1171155-01
GULP,PVT,1123888-03,GULP test,8673,4763.0,54.92,GULP_PVT_1123888-03
GULP,PVT,1131563-02,GULP test,7348,4005.0,54.5,GULP_PVT_1131563-02
GULP,PVT,1131563-04,GULP test,1354,737.0,54.43,GULP_PVT_1131563-04
GULP,PVT,1148194-01,GULP test,25,8.0,32.0,GULP_PVT_1148194-01
GULP,PVT,1179912-01,GULP test,84,45.0,53.57,GULP_PVT_1179912-01
GULP,PVT,1190997-01,GULP test,40,21.0,52.5,GULP_PVT_1190997-01
GULP,PVT,1191071-01,GULP test,126,67.0,53.17,GULP_PVT_1191071-01
GULP,PVT,1191073-01,GULP test,111,61.0,54.95,GULP_PVT_1191073-01
GULP,PVT,1200514-01,GULP test,22,12.0,54.55,GULP_PVT_1200514-01
RACKBACK,PROD,1091891,Test Result,66,36.0,54.55,RACKBACK_PROD_1091891
RACKBACK,PROD,1113706,Test Result,2,1.0,50.0,RACKBACK_PROD_1113706
RACKBACK,PROD,1121846,Test Result,49,27.0,55.1,RACKBACK_PROD_1121846
RACKBACK,PROD,1125497,Test Result,31,17.0,54.84,RACKBACK_PROD_1125497
RACKBACK,PROD,1138093,Test Result,2249,1224.0,54.42,RACKBACK_PROD_1138093
RACKBACK,PROD,1141741,Test Result,29655,15935.0,53.73,RACKBACK_PROD_1141741
RACKBACK,PROD,1142913,Test Result,562,296.0,52.67,RACKBACK_PROD_1142913
RACKBACK,PROD,1168666,Test Result,8,3.0,37.5,RACKBACK_PROD_1168666
RACKBACK,PROD,1168677,Test Result,10,3.0,30.0,RACKBACK_PROD_1168677
RACKBACK,PROD,1168685,Test Result,20,8.0,40.0,RACKBACK_PROD_1168685
RACKBACK,PROD,1206508,Test Result,412,217.0,52.67,RACKBACK_PROD_1206508
RACKBACK,PROD,1208326,Test Result,59,31.0,52.54,RACKBACK_PROD_1208326
XENA,GA,1176509,XENA AOI,17,0.0,0.0,XENA_GA_1176509
XENA,GA,1176509,XENA GBMC upgrade Test,85,3.0,3.53,XENA_GA_1176509
XENA,GA,1176509,XENA Run in Test,100,18.0,18.0,XENA_GA_1176509
XENA,GA,1176509,XENA SDC Test,86,4.0,4.65,XENA_GA_1176509
XENA,GA,1176509,XENA functional test,181,96.0,53.04,XENA_GA_1176509
XENA,GA,1176687,XENA GBMC upgrade Test,1689,56.0,3.32,XENA_GA_1176687
XENA,GA,1176687,XENA Run in Test,2291,601.0,26.23,XENA_GA_1176687
XENA,GA,1176687,XENA SDC Test,2136,496.0,23.22,XENA_GA_1176687
XENA,GA,1176687,XENA functional test,3393,1554.0,45.8,XENA_GA_1176687
XENA,GA,1176690,XENA GBMC upgrade Test,849,24.0,2.83,XENA_GA_1176690
XENA,GA,1176690,XENA Run in Test,1184,346.0,29.22,XENA_GA_1176690
XENA,GA,1176690,XENA SDC Test,875,43.0,4.91,XENA_GA_1176690
XENA,GA,1176690,XENA functional test,1642,766.0,46.65,XENA_GA_1176690
XENA,GA,1176984,XENA GBMC upgrade Test,122,5.0,4.1,XENA_GA_1176984
XENA,GA,1176984,XENA Run in Test,196,78.0,39.8,XENA_GA_1176984
XENA,GA,1176984,XENA SDC Test,132,15.0,11.36,XENA_GA_1176984
XENA,GA,1176984,XENA functional test,254,117.0,46.06,XENA_GA_1176984
